{
        "Name": "Scarp Warp Totem",
        "Description": "Warp to East Scarp!",
        "Category": "Crafting",
        "Edibility": -300,
        "Price": 100,
        "IsColored": false,
        "EnableWithMod": "tlitookilakin.warpnetwork",
        "Recipe": {
                "ResultCount": 1,
                "Ingredients": [
                        {
                                "Object": 709,
                                "Count": 1
                        },
                        {
                                "Object": 717,
                                "Count": 1
                        },
                        {
                                "Object": 296,
                                "Count": 5
                        },
                ],
                "CanPurchase": true,
                "PurchaseFrom": "",
                "PurchasePrice": 1250
        },
        "TranslationKey": "object.scarpwarptotem-crafting",
}