{
    "Name": "Rosa's Baklava",
    "Description": "A sweet pastry made from nuts and honey. Careful, it's sticky!",
    "Category": "Cooking",
    "Edibility": 50,
    "EdibleIsDrink": false,
    "EdibleBuffs": {
        "Farming": 0,
        "Fishing": 0,
        "Mining": 0,
        "Luck": 0,
        "Foraging": 0,
        "MaxStamina": 0,
        "MagnetRadius": 0,
        "Speed": 1,
        "Defense": 0,
        "Attack": 0,
        "Duration": 180
    },
    "Price": 120,
    "IsColored": false,
    "Recipe": {
        "ResultCount": 3,
        "Ingredients": [
            {
                "Object": 340, //"Honey",
                "Count": 1
            },
            {
                "Object": 246, //"Wheat Flour",
                "Count": 1
            },
            {
                "Object": 408, //"Hazelnut",
                "Count": 1
            }
        ],
        "IsDefault": false,
        "CanPurchase": false
    },
    "GiftTastes": {
        "Love": [
            "Jas",
            "Vincent",
            "Eloise",
            "Rosa",
            "Juliet",
            "Leximonster"
        ],
        "Like": [],
        "Dislike": [],
        "Hate": [
            "Leah",
            "MisterGinger"
        ],
    },
    "TranslationKey": "object.rosabaklava-cooking",
}