﻿{
    "Name": "Bird Of Paradise Flower",
    "Description": "This exotic flower resembles a colorful bird.",
    "Category": "Flower",
    "Edibility": 5,
    "EdibleIsDrink": false,
    "Price": 200,
    "IsColored": false,
    "Recipe": null,
    "HideFromShippingCollection": true,
    "GiftTastes": {
        "Love": [
            "Haley",
            "Elliott",
            "Aideen"
        ]
    },
    "ContextTags": [
        "color_orange",
        "flower_item"
    ],
    "TranslationKey": "object.birdofparadise-flower",
}