{
   // "Introduction": "",
    "Resort_Entering": "What a fascinating place! Who would've guessed a tropical island, right in our own backyard!$1",
    //"Resort_Leaving": "",
    "Resort_Shore": "Hmm, I wonder if there's treasure hidden out there. This would make an excellent hideaway for pirates... don't you think?",
    "Resort_Umbrella": "Ooof, this sun is just a bit too much. You can join me here in the shade, if you like, @.",
    "Resort_Wander": "Now, if you were a pirate, where would you bury your treasure, I wonder?",
    "Resort_Bar": "Ah yes, something pink and fizzy please. And don't skimp on the alcohol, either there, Gus!",
    "Resort": "Seems a little on the kitsch side, don't you think?",
    "dumped_Girls": "I hear you've created quite the scene, @. Oh, I'm not judging! Back in my younger days...#$b#But you don't want to hear about those, do you? How tedious, us old folks with our nostalgia!$1",
    "Mon": "The Scarp's certainly cleaned up well. Back in my days it was all mud and coal dust. Wretched place it was then.#$b#I can see now why Jake moved back here.$1",
    "Tue": "$1 Vivi_EllieBird#Ellie wants me to put a bird in my book. She's given me a portfolio of 'interesting' species. Very single-minded, that girl.$1#$e#The new book's coming along nicely. I'm just exorcising a few plot bunnies. What? They run rampant and breed like mad, you know.$1",
    "Wed": "Have you ever been deeper into the mountains, @?#$e#I used to traipse up there all the time. Oh, with a 'friend'.$5",
    "Thu": "Never thought I'd come back here. Still, this place has a nice view. My Jake's done well for himself.",
    "Fri": "I do miss the cats... yes, and Tess too, I suppose. But sometimes friendships, like romantic relationships, just don't work out.$2",
    "Sat": "Have you found the orchard yet, @? It'll have run wild by now. Used to pick cherries there.#$b#Tedious job, I wouldn't recommend it, although it does give you time to think. Mostly about the other things you'd rather be doing, admittedly.",
    "Sun": "If you see Clint, can you try and convince him his old mom isn't a dragon, please?#$b#I'm afraid we had a bit of a falling out... I hope one day he'll forgive me.$2",
    "Mon2": "That blasted macaw... it was Clem's you know. He won it in a card game.#$b#Clem was positively shite at cards, so I've no doubt it was rigged. Probably just wanted rid of the damned thing.$1",
    "Tue2": "Be careful what you say to an author, @. You may read it in a book one day!$1",
    "Fri2": "Small towns are so much fun. I like to watch people and imagine their stories.#$b#I'm not often right, of course. Real people are - generally - far less interesting.$1",
    "Sun2": "",
    "Wed2": "",
    "Tue4": "I'd love to head into the mountains again, but this old body isn't as obedient as it used to be.#$b#And it's not likely he'd be up there anyway. Or pleased to see me. So best not.$2",
    // "spring_Sat6": "",
    "Mon8": "",
    "Thu10": "",
    "Fri6": "Clint and Jake were best friends when they were boys. I don't know what got between them.$2#$b#Well I do, but we try not to talk about him...$a#$b#I'd say make sensible choices, @, but that's where I went wrong.$2",
    //"summer_1_2": "",
    "summer_Mon": "They really turned this place into high estate, didn't they? Haha, in my days it was all mud and dust.#$b#You have no idea how much coal dust gets into everything, @.",
    "summer_Tue": "Summer really brings in the bugs. I hope you've stocked up on repellent - the little blighters get everywhere.",
    //"summer_Wed": "",
    //"summer_Thu": "",
    "summer_Thu4": "Princess Midnight and I are coming to an arrangement. Last night she even sat with me for a while.$1",
    //"summer_Fri": "",
    //"summer_Sat": "",
    //"summer_Sun": "",
    //"summer_Wed2": "",
    "summer_Tue4": "Never piss off an author, @. Hah, I've killed off my critics so many times. Sometimes it's deliciously macabre.$1#$b#Not all those books see print of course.",
    //"summer_Sat6": "",
    //"summer_Mon8": "",
    //"summer_Thu10": "",
    //"summer_Fri10": "",
    //"fall_1": "",
    //"fall_Mon": "",
    //"fall_Tue": "",
    //"fall_Wed": "",
    //"fall_Thu": "",
    //"fall_Sat": "",
    //"fall_Sun": "",
    //"fall_Wed2": "",
    "fall_Tue4": "You would've liked Del. That may be trite, but almost everyone loved her.#$b#It's a real shame what happened to her. Cancer's a bitch.$2",
    //"fall_Sat6": "",
    //"fall_Mon8": "",
    //"fall_Thu10": "",
    //"fall_Fri6": "",
    //"fall_Fri10": "",
    //"winter_1": "",
    "winter_Mon": "",
    "winter_Tue": "",
    "winter_Wed": "",
    "winter_Thu": "",
    "winter_Fri": "",
    "winter_Sat": "",
    "winter_Sun": "",
    "winter_Wed2": "",
    "winter_Tue4": "",
    "winter_Sat6": "",
    "winter_Thu10": "",
    "winter_Wed6": "",
    "winter_Fri10": "",
    "Saloon2": "I come in here every night, and hope my son will talk to me.#$b#Pathetic, aren't I? I mean, I could just go and talk to him, couldn't I?$2",
    "spring_12_2": "Are you ready for the egg hunt tomorrow? Ellie's coerced me into painting eggs for it.$1",
    "spring_23_2": "Do you have a sweetheart for the dance tomorrow, @?#$b#Hah, one of the advantages of being old is I can get away with asking forward questions.$1#$b#You're under no obligation to answer them, of course.",
    "winter_7_2": "I hear the ice fishing is tomorrow. Pointless endeavor, if you ask me.#$b#Never understood sport fishing. There's no point in catching fish if you're not going to eat them.",
    "fall_26_2": "Ellie's clamoring for a scary story before bed tonight. Me? I'm wary of giving her nightmares.",
    "summer_10_2": "Everyone's looking to impress the Governor tomorrow. Pah, what have local governing bodies done for me, that's all I can say?#$b#Still, guess I'll have to behave for Jake's sake.",
    "summer_28_2": "Ellie's been lecturing me all day on the biology of the jellies.#$b#Don't get me wrong, I love my granddaughter... but it's getting a tad tedious.",
    "winter_24_2": "Haha, Winter Star, the time to reminisce and get all soppy with gratitude.$1#$b#What am I grateful for? Well, I'm glad Clem's out of my life.",
    //Unique Courtship Responses - Requires the mod to be installed, otherwise does nothing. If it doesn't exist and the mod is installed though, the game will soft lock.
    "rejectNPCA": "Oh is this for a dare? I'll play along, if you give me a cut of the prize.$1",
    "rejectNPCB": "Oh don't tempt me, kitten. Though I'm afraid I've aged out of cougar and into jaguar. Or maybe sabertooth.$1",
    "refusal_no_heartsA": "", //they don't know you
    "refusal_no_heartsB": "I was married once. Didn't much enjoy it. And I'm not planning on doing it again.$a",
    "engageA": "", //if you're already engaged, I guess?
    "engageB": "",
    "marriedA": "", //if you're already married, I guess?
    "marriedB": "",
    //Datables:
    /* "give_flowersA": "",//accepting
    "give_flowersB": "",
    "give_pendant": "",//accepting
    "stardrop_gift": "",
    "reject_two_heartA": "",
    "reject_two_heartB": "",
    "reject_four_heartA": "",
    "reject_four_heartB":"",
    "refusal_knownA": "",
    "refusal_knownB": "",
    "refusal_botherA": "",
    "refusal_botherB":"",*/
    //Unique Jealousy Responses: - requires the mod. It basically means if you are caught giving a gift to someone else "single" your spouse won't necessarily get jealous: unless you lie about it, I suppose?
    //"giftquestion_yes": "",
    //"giftquestion_lie": "",
    //Conversation Topics (choose the ones you feel are most suited to your character) 
    //canon (most useful ones below) For a full list: https://stardewcommunitywiki.com/Modding:Dialogue
    //"joja_Begin": "",
    //"cc_Begin":"",
    //"cc_Bridge":"",
    "cc_Bus": "I've heard the bus is running again. I've never been to Calico Desert, you know.",
    //"cc_Boulder":"",
    //"cc_Greenhouse":"",
    "cc_Minecart": "It's strange having the minecarts running again. We used to lark around in them a bit in the younger days.#$b#Until Clem broke his ankle. His father put his foot down after that. The poor sod.$2",
    "cc_Complete": "",
    "movieTheater": "",
    "GiftReaction_Ruby_Ring": "$1 VivienneRingReturn#I never thought I'd see this again. Oh dear, I think it's best you leave an old lady alone with her memories. But thank you for returning it to me, @. It means a lot."
    //Is this what I think it is? It really is. Never expected to see this again...#$b#The stone was a gift from a dear friend. It hurt to leave it behind.
}