{ //Cave Carrot by KM French
    "Name": "Cave Carrot Seeds",
    "Product": 78,
    "SeedName": "Cave Carrot Seeds",
    "SeedDescription": "Can only grow in fall. Takes 6 days to mature.",
    "Type": "Vegetable",
    "CropType": "Normal",
    "Seasons": [
        "fall"
    ],
    "Phases": [
        1,
        1,
        2,
        1,
        1
    ],
    "RegrowthPhase": -1,
    "HarvestWithScythe": false,
    "SeedPurchasePrice": 20,
    "SeedPurchaseFrom": "Dwarf",
    "TrellisCrop": false,
    "Colors": null,
    "DisableWithMod": "Mae.foragetofarm",
    "Bonus": {
        "MinimumPerHarvest": 1,
        "MaximumPerHarvest": 1,
        "MaxIncreasePerFarmLevel": 5,
        "ExtraChance": 0.1,
    },
    "TranslationKey": "crop.cavecarrot-plant",
    "SeedTranslationKey": "crop.cavecarrot-seed",
}