﻿{
    "Name": "Bird Of Paradise Plant",
    "Product": "Bird Of Paradise Flower",
    "SeedName": "Bird Of Paradise Seeds",
    "SeedDescription": "Plant in summer to grow a brilliant bird-like flower. Takes 12 days to mature, and keeps producing after the first harvest.",
    "Type": "Flower",
    "Seasons": ["summer"],
    "Phases": [2,2,2,3,3],
    "RegrowthPhase": 4,
    "HarvestWithScythe": false,
    "TrellisCrop": false,
    "Colors": null,
  
    "CanPurchase": true,
	"SeedPurchasePrice": 125,
	"SeedPurchaseFrom": "NOTSOLDATVENDOR",
	"SeedPurchaseRequirements": null,
   
    "ContextTags": [  "season_summer", "seed_item" ],
   "TranslationKey": "crop.birdofparadise-plant",
	"SeedTranslationKey": "crop.birdofparadise-seed",
}