﻿{
	"Name": "MoonFlower",
	"Product": 797,
	"SeedName": "MoonFlower Seeds",
	"SeedDescription": "Plant in any season to produce a beautiful pearl. Takes a full season to mature, and will produce another every season.",
	"Type": "Flower",
	"CropType": "Paddy",
	"Seasons": [
		"spring",
		"summer",
		"fall",
		"winter"
	],
	"Phases": [
		3,
		3,
		5,
		8,
		9
	],
	"RegrowthPhase": 28,
	"HarvestWithScythe": false,
	"TrellisCrop": false,
	"Colors": null,
	"CanPurchase": true,
	"SeedPurchasePrice": 1000,
	"SeedPurchaseFrom": "NOTSOLDATVENDOR",
	"SeedPurchaseRequirements": null,
	"ContextTags": [
		"season_summer",
		"seed_item"
	],
	"TranslationKey": "crop.moonflower-plant",
	"SeedTranslationKey": "crop.moonflower-seed"
}