{
    "rain": "700 Custom_ESHouse1 19 19 0/800 Custom_ESHouse1 19 20 2/1000 Custom_ESHouse1 3 19 0/1100 Custom_ESHouse1 5 10 3/1200 Custom_ESHouse1 3 11 2/1300 Custom_ESHouse1 3 11 square_4_1_2/1600 Custom_EastScarpe 11 45 square_3_1_0/1800 Custom_ESHouse1 19 19 0/1850 Custom_ESHouse1 19 20 2/2000 Custom_ESHouse1 5 10 3/2100 Custom_ESHouse1 6 8 3 aideen_sleep",
    "spring": "700 Custom_ESHouse1 19 19 0/800 Custom_ESHouse1 19 20 2/900 Custom_EastScarpe 12 50 square_5_2/1100 Custom_EastScarpe 43 106 1/1400 Custom_EastScarpe 52 41 2/1600 Custom_ESHouse1 3 11 2/1900 Custom_ESHouse1 19 20 2/2020 Custom_ESHouse1 5 10 3/2100 Custom_ESHouse1 6 8 3 aideen_sleep",
    "summer": "700 Custom_ESHouse1 19 19 0/800 Custom_ESHouse1 19 20 2/900 Custom_EastScarpe 12 50 square_5_2/1200 Custom_EastScarpe 49 40 2/1400 Custom_EastScarpe 44 91 square_5_5/1700 Custom_ESHouse1 19 19 0/1830 Custom_ESHouse1 19 20 2/1900 Custom_ESHouse1 3 11 2/2020 Custom_ESHouse1 5 10 3/2100 Custom_ESHouse1 6 8 3 aideen_sleep",
    "winter":"700 Custom_ESHouse1 19 19 0/800 Custom_ESHouse1 19 20 2/1000 Custom_ESHouse1 3 19 0/1100 Custom_ESHouse1 5 10 3/1200 Custom_ESHouse1 3 11 2/1300 Custom_ESHouse1 3 11 square_4_1_2/1600 Custom_EastScarpe 11 45 square_3_1_0/1800 Custom_ESHouse1 19 19 0/1850 Custom_ESHouse1 19 20 2/2000 Custom_ESHouse1 5 10 3/2100 Custom_ESHouse1 6 8 3 aideen_sleep",
    "fall":"GOTO spring",
    "spring_12": "700 Custom_ESHouse1 19 19 0/800 Custom_ESHouse1 19 20 2/1000 Town 35 79 0/1630 JoshHouse 2 17 1/1900 Custom_ESHouse1 5 10 3/2100 Custom_ESHouse1 6 8 3 aideen_sleep", //helps Evelyn with the flowers
    "Tue": "700 Custom_ESHouse1 19 19 0/800 Custom_ESHouse1 19 20 2/900 Forest 68 43 square_5_5/1400 JoshHouse 2 17 1/1900 Custom_ESHouse1 5 10 3/2100 Custom_ESHouse1 6 8 3 aideen_sleep", //visits Evelyn
    "Fri": "700 Custom_ESHouse1 19 19 0/800 Custom_ESHouse1 19 20 2/900 Mountain 49 33 1/1600 Custom_ESHouse1 19 20 2/2020 Custom_ESHouse1 5 10 3/2100 Custom_ESHouse1 6 8 3 aideen_sleep",
    "Thu": "700 Custom_ESHouse1 19 19 0/800 Custom_ESHouse1 4 11 2/1000 Custom_EastScarpe 24 13 0/1200 Custom_EastScarpe 63 17 1/1400 Custom_EastScarpe 48 16 2 square_3_3/1600 Custom_ESHouse1 19 20 2/1900 Custom_ESHouse1 3 11 2/2020 Custom_ESHouse1 5 10 3/2100 Custom_ESHouse1 6 8 3 aideen_sleep", //Jacob visits and Aideen walks with him up to Del's grave
    "marriage_Mon":"900 Custom_EastScarpe 24 13 0/1400 Custom_EastScarpe 48 16 2 square_3_3/1800 BusStop -1 23 3",
    "marriage_Wed":"900 Forest 68 43 square_5_5/1600 JoshHouse 2 17 1/2100 BusStop -1 23 3",
    "marriage_Fri":"900 Mountain 49 33 1/1400 Town 34 75 3 square_3_3/1700 JoshHouse 2 17 1/2100 BusStop -1 23 3",
}