{
    "Changes": [
        //Tilesheets
        {
            "Action": "EditImage",
            "PatchMode": "Replace",
            "Target": "Maps/{{season}}_cottage",
            "FromFile": "assets/TileSheets/Yri/{{season}}_cottage.png",
        },
        {
            "Action": "EditImage",
            "PatchMode": "Replace",
            "Target": "Maps/{{season}}_inn",
            "FromFile": "assets/TileSheets/Yri/{{season}}_inn.png",
        },
        ///Flowers
        //Cottage
        {
            "Action": "EditImage",
            "Target": "Maps/spring_cottage",
            "FromFile": "assets/TileSheets/Yri/Flowers/cottage/{{FlowerStyle}}.png",
            "PatchMode": "Overlay",
            "When": {
                "FlowerStyle |contains=RoseWhite, ClematisBlue, WisteriaBlue, WisteriaPink, WisteriaPurple, WisteriaRed, WisteriaWhite, WisteriaYellow": true
            }
        },
        {
            "Action": "EditImage",
            "Target": "Maps/summer_cottage",
            "FromFile": "assets/TileSheets/Yri/Flowers/cottage/{{FlowerStyle}}.png",
            "PatchMode": "Overlay",
            "When": {
                "FlowerStyle |contains=RoseWhite, ClematisBlue, WisteriaBlue, WisteriaPink, WisteriaPurple, WisteriaRed, WisteriaWhite, WisteriaYellow": true
            }
        },
        {
            "Action": "EditImage",
            "Target": "Maps/fall_cottage",
            "FromFile": "assets/TileSheets/Yri/Flowers/cottage/{{FlowerStyle}}.png",
            "PatchMode": "Overlay",
            "When": {
                "FlowerStyle |contains=RoseWhite, ClematisBlue, WisteriaBlue, WisteriaPink, WisteriaPurple, WisteriaRed, WisteriaWhite, WisteriaYellow": true
            }
        },
        //EastScarp
        {
            "Action": "EditImage",
            "Target": "Maps/spring_EastScarpe",
            "FromFile": "assets/TileSheets/Yri/Flowers/EastScarp/{{FlowerStyle}}.png",
            "PatchMode": "Overlay",
            "When": {
                "FlowerStyle |contains=RoseWhite, ClematisBlue, WisteriaBlue, WisteriaPink, WisteriaPurple, WisteriaRed, WisteriaWhite, WisteriaYellow": true
            }
        },
        {
            "Action": "EditImage",
            "Target": "Maps/summer_EastScarpe",
            "FromFile": "assets/TileSheets/Yri/Flowers/EastScarp/{{FlowerStyle}}.png",
            "PatchMode": "Overlay",
            "When": {
                "FlowerStyle |contains=RoseWhite, ClematisBlue, WisteriaBlue, WisteriaPink, WisteriaPurple, WisteriaRed, WisteriaWhite, WisteriaYellow": true
            }
        },
        {
            "Action": "EditImage",
            "Target": "Maps/fall_EastScarpe",
            "FromFile": "assets/TileSheets/Yri/Flowers/EastScarp/{{FlowerStyle}}.png",
            "PatchMode": "Overlay",
            "When": {
                "FlowerStyle |contains=RoseWhite, ClematisBlue, WisteriaBlue, WisteriaPink, WisteriaPurple, WisteriaRed, WisteriaWhite, WisteriaYellow": true
            }
        },
        //Inn
        {
            "Action": "EditImage",
            "Target": "Maps/spring_inn",
            "FromFile": "assets/TileSheets/Yri/Flowers/inn/{{FlowerStyle}}.png",
            "PatchMode": "Overlay",
            "When": {
                "FlowerStyle |contains=RoseWhite, ClematisBlue, WisteriaBlue, WisteriaPink, WisteriaPurple, WisteriaRed, WisteriaWhite, WisteriaYellow": true
            }
        },
        {
            "Action": "EditImage",
            "Target": "Maps/summer_inn",
            "FromFile": "assets/TileSheets/Yri/Flowers/inn/{{FlowerStyle}}.png",
            "PatchMode": "Overlay",
            "When": {
                "FlowerStyle |contains=RoseWhite, ClematisBlue, WisteriaBlue, WisteriaPink, WisteriaPurple, WisteriaRed, WisteriaWhite, WisteriaYellow": true
            }
        },
        {
            "Action": "EditImage",
            "Target": "Maps/fall_inn",
            "FromFile": "assets/TileSheets/Yri/Flowers/inn/{{FlowerStyle}}.png",
            "PatchMode": "Overlay",
            "When": {
                "FlowerStyle |contains=RoseWhite, ClematisBlue, WisteriaFBlue, WisteriaFPink, WisteriaFPurple, WisteriaFRed, WisteriaFWhite, WisteriaFYellow": true
            }
        },
        //lighthouse
        {
            "Action": "EditImage",
            "Target": "Maps/spring_lighthouse",
            "FromFile": "assets/TileSheets/Yri/Flowers/lighthouse/{{FlowerStyle}}.png",
            "PatchMode": "Overlay",
            "When": {
                "FlowerStyle |contains=RoseWhite, ClematisBlue, WisteriaBlue, WisteriaPink, WisteriaPurple, WisteriaRed, WisteriaWhite, WisteriaYellow": true
            }
        },
        {
            "Action": "EditImage",
            "Target": "Maps/summer_lighthouse",
            "FromFile": "assets/TileSheets/Yri/Flowers/lighthouse/{{FlowerStyle}}.png",
            "PatchMode": "Overlay",
            "When": {
                "FlowerStyle |contains=RoseWhite, ClematisBlue, WisteriaBlue, WisteriaPink, WisteriaPurple, WisteriaRed, WisteriaWhite, WisteriaYellow": true
            }
        },
        {
            "Action": "EditImage",
            "Target": "Maps/fall_lighthouse",
            "FromFile": "assets/TileSheets/Yri/Flowers/lighthouse/{{FlowerStyle}}.png",
            "PatchMode": "Overlay",
            "When": {
                "FlowerStyle |contains=RoseWhite, ClematisBlue, WisteriaBlue, WisteriaPink, WisteriaPurple, WisteriaRed, WisteriaWhite, WisteriaYellow": true
            }
        },
    ]
}