{
    "Changes": [
        // E G G   F E S T I V A L
        {
            "Action": "EditData",
            "Target": "Data/Festivals/spring13",
            "TextOperations": [
                {
                    "Operation": "Append",
                    "Target": [
                        "Entries",
                        "Set-Up_additionalCharacters"
                    ],
                    "Value": "Beatrice 39 69 3",
                    "Delimiter": "/"
                },
                {
                    "Operation": "Append",
                    "Target": [
                        "Entries",
                        "MainEvent_additionalCharacters"
                    ],
                    "Value": "Beatrice 39 69 3",
                    "Delimiter": "/"
                }
            ]
        },
        // F L O W E R   D A N C E
        {
            "Action": "EditData",
            "Target": "Data/Festivals/spring24",
            "TextOperations": [
                {
                    "Operation": "Append",
                    "Target": [
                        "Entries",
                        "Set-Up_additionalCharacters"
                    ],
                    "Value": "Beatrice 4 22 1",
                    "Delimiter": "/"
                }
            ],
        },
        // L U A
        {
            "Action": "EditData",
            "Target": "Data/Festivals/summer11",
            "TextOperations": [
                {
                    "Operation": "Append",
                    "Target": [
                        "Entries",
                        "Set-Up_additionalCharacters"
                    ],
                    "Value": "Beatrice 49 19 2",
                    "Delimiter": "/"
                }
            ]
        },
        // S T A R D E W   F A I R
        {
            "Action": "EditData",
            "Target": "Data/Festivals/fall16",
            "TextOperations": [
                {
                    "Operation": "Append",
                    "Target": [
                        "Entries",
                        "Set-Up_additionalCharacters"
                    ],
                    "Value": "Beatrice 27 61 1",
                    "Delimiter": "/"
                }
            ]
        },
        // I C E   F E S T I V A L
        {
            "Action": "EditData",
            "Target": "Data/Festivals/winter8",
            "TextOperations": [
                {
                    "Operation": "Append",
                    "Target": [
                        "Entries",
                        "Set-Up_additionalCharacters"
                    ],
                    "Value": "Beatrice 59 33 1",
                    "Delimiter": "/"
                }
            ]
        },
        // W I N T E R   S T A R
        {
            "Action": "EditData",
            "Target": "Data/Festivals/winter25",
            "TextOperations": [
                {
                    "Operation": "Append",
                    "Target": [
                        "Entries",
                        "Set-Up_additionalCharacters"
                    ],
                    "Value": "Beatrice 33 65 1",
                    "Delimiter": "/"
                }
            ]
        }
    ]
}