{
    "Changes": [
        {
            "LogName": "Mateo and Aideen meet",
            "Action": "EditData",
            "Target": "Data/Events/Custom_EastScarpe",
            "Entries": {
                "57871050/f Mateo 250/t 1200 1800/w sunny": "ocean/44 88/Aideen 45 88 1 Mateo -100 -100 2 farmer 49 77 2/skippable/addObject 46 88 394 0/pause 1000/textAboveHead Aideen \"Wonderful!\"/pause 1500/playSound swordswipe/pause 500/playSound stairsdown/pause 500/warp Mateo 44 85/speed Mateo 5/move Mateo 0 5 2 true/emote Aideen 16/Jump Aideen 5/faceDirection Aideen 2/speak Aideen \"You scoundrel! Watch where you're going!$a\"/faceDirection Mateo 0/move Aideen 0 2 3/faceDirection Mateo 1/advancedMove farmer false 0 11 -2 0 2 1000/textAboveHead Mateo \"Sorry, Ma'am.\"/pause 500/speak Mateo \"I didn't mean to spook you. $4\"/emote farmer 8/speak Aideen \"Well that may be, but it is still most inconsiderate to charge around with no regard for the well being of others!$3\"/pause 1000/emote Mateo 28/speak Mateo \"You're not wrong.$7#$b#You have my apologies, sincerely.$8#$b#...You take care, now. Get home safe.$10\"/pause 500/emote Aideen 12/pause 500/advancedMove Mateo false -3 0 0 14 -6 0 2 1000/pause 4000/advancedMove farmer false 0 2 3 1000/faceDirection Aideen 1/speak Aideen \"Hello, @. Were you witness to that indiscretion? Why that uncouth wastrel nearly knocked me from my feet!$6\"/quickQuestion #You mean swept you off your feet, right?#Oh, that's just Mateo. They're always that withdrawn.#That was terribly rude of them wasn't it?(break)speak Aideen \"Now you're just stirring trouble! As if I would ever permit that ne'er-do-well to court me.$4\"(break)speak Aideen \"Well, they'd be most advised to look where they're going, next time.$3\"(break)speak Aideen \"Indeed! Remarkably rude.$3\"/speak Aideen \"Oh, I feel quite shaken by the whole experience. I think it best I head for home.$3#$b#Do have a splendid day, @. Farewell.\"/advancedMove Aideen true -3 0 0 11/pause 2000/faceDirection farmer 2/emote farmer 8/pause 1000/end",
                "57871051/e 57871050/A MateoAideenScene1/t 800 1200/w sunny": "{{season}}_day_ambient/16 54/Aideen 19 50 0 farmer 9 55 1 Mateo 38 59 3/addConversationTopic MateoAideenScene2 14/skippable/changePortrait Mateo grime/move farmer 7 0 0/emote farmer 56/faceDirection Aideen 2/emote Aideen 32/move Aideen -3 0 2/advancedMove Mateo false 0 -2 -10 0 3 1000/shake Mateo 50000/move Aideen 0 3 2/pause 1000/speak Aideen \"Good morning, @. The bird song here is most pleasing, don't you agree?$1\"/pause 500/emote farmer 32/pause 500/advancedMove Mateo false -11 0 4 2000/speak Aideen \"And how may I help you today?\"/pause 500/emote farmer 40/pause 2000/jump Aideen 5/pause 1500/textAboveHead Aideen \"Oh my!\"/faceDirection farmer 2/jump farmer 5/pause 500/speed farmer 5/speed Aideen 5/move farmer 0 3 1 true/move Aideen 0 3 1 true/pause 500/speak Aideen \"Mx. Mateo! Are you alright?\"/pause 500/faceDirection Mateo 3/speak Mateo \"I'm fine... just... got to get home.$2\"/pause 500/textAboveHead Aideen \"Nonsense!\"/speak Aideen \"You're not fine at all, sir. You're half-dead on your feet.$2#$b#And it would be most unbecoming if you were to expire on my doorstep.$3\"/shake Mateo 5000/pause 500/textAboveHead Mateo \"Urghhh...\"/pause 500/faceDirection Aideen 2/faceDirection farmer 0/speak Aideen \"Quick, @, help me get them inside!\"/pause 500/move farmer 1 0 0 true/move Aideen 1 0 2 true/pause 1000/fade/stopMusic/viewport -100 -100/changeLocation Custom_ESHouse1/viewport -100 -100/speak Mateo \"I'm fine... really... no need to go to any fuss.$2\"/pause 500/speak Aideen \"Ugh, you're bleeding! @, can you get some towels, please.$2\"/playSound thudStep/pause 500/warp Mateo 6 18 true/warp Aideen 6 19 true/faceDirection Aideen 0 true/showFrame Mateo 17/warp farmer 13 19/faceDirection farmer 3/addTemporaryActor Munchboi 32 32 11 19 1 false/positionOffset Mateo 0 8/viewport 8 19 clamp true/pause 1500/move Aideen 0 1 0/speak Aideen \"There you go. All patched up. You've some nasty scrapes, but I do not think you'll need any stitches.#$b#Just keep them clean. All right?$2\"/pause 500/speak Mateo \"Thanks Doctor Aideen. I really owe you one.\"/pause 500/speak Aideen \"Oh, don't be ridiculous. Besides, everyone should know a little first aid.$4#$b#After all, flowers can prove quite thorny adversaries.\"/pause 500/speak Mateo \"Well, thanks anyway. And I promise not to go jumping into any rosebushes.#$b#Well, not unless there's a lovely lass like you to haul me out.$1\"/pause 500/emote Aideen 60/pause 500/faceDirection Munchboi 3/emote farmer 16/pause 1000/end"
            }
        }
    ]
}