{
	"Name": "Sea Bunny Nudibranch",
	"Description": "It looks like a cute bunny rabbit. But it's really a sea slug.",
	"Category": "Fish",
	"Edibility": -1,
	"EdibleIsDrink": false,
	"EdibleBuffs": null,
	"Price": 130,
	"IsColored": false,
	"GiftTastes":
	{
		"Love": ["Demetrius", "Vincent", "Wizard", "Jas"],
		"Like": ["Maru"]
	},
	"TranslationKey": "object.seabunnynudibranch-fish",
   
	"NameLocalization":
	{
		/*to be added in*/
		"ko": "바다 토끼 갯민숭달팽이",
		"zh": "海兔海蛞蝓",
	},
	"DescriptionLocalization":
	{
		/*to be added in*/
		"ko": "작고 귀여운 토끼처럼 생겼지만, 바닷물에서 서식하는 민달팽이의 한 종류입니다.",
		"zh": "看起来像一只可爱的小兔子，但其实是一条海蛞蝓。",
	},
	"CategoryLocalization":
	{
		/*to be added in*/
		"ko": "물고기",
		"zh": "鱼",
	}
}