{
    "Changes": [
        {
            "Action": "EditData",
            "Target": "Characters/Dialogue/OliverK",
            "When": {
                "HasSeenEvent": "57873021"
            },
            "Entries": {
                "Wed6": "Yesterday with Dr. Jacob was awesome. I helped Dr. Jacob deliver a calf!#$b#Well, mostly I just handed him stuff, but it was pretty exciting... and a bit gross too!$1",
                "summer_Wed6": "Dr. Jacob had to euthanise an injured bull yesterday. He was pretty upset about it.#$b#I was a bit too. I guess we city kids don't really think about where meat comes from.",
                "fall_Wed6": "Phew. Don't tell Mom, but I'm a bit sore today. Dr. Jacob and me captured some sick sheep.#$b#They're tougher than they look! We managed to save almost all of them though.$1",
                "winter_Wed6": "Vet work is really hard ... and cows can be mean. But it's interesting too.#$b#Way more interesting than accountancy.",
		"summer_Wed10":"I helped with an autopsy yesterday! Yeh it was pretty gruesome, but also real interesting.#$b#Not many kids get to learn anatomical biology in the field, do they?$1",
		"Wed10":"Phew, had to help Dr. Jacob deliver another litter of piglets yesterday. There were so many!#$b#My ears are still ringing from all their happy squealing.$1",
		"winter_Wed10":"It was a pretty quiet day on the rounds yesterday. Jacob and I spent a lot of time talking.#$b#He's a pretty cool guy. Got some real interesting stories from Gotoro and stuff.",
		"fall_Wed10":"$1 Oliver_Duke#I met the funniest dog yesterday! His name's Duke. His owner's a total eccentric; she dresses him in suits and little hats.$k#$e#Hah, you should've seen what Dukey was wearing yesterday. Here, I have a picture.#$b#I think he's my absolutely favourite patient. And his human, Ms. Winslow always gives us cookies and cake, so she's pretty awesome too."
            }
        }
    ]
}