{
    "Changes": [
        {
            "LogName": "Stray Cat Dialogue and Schedule",
            "Action": "EditData",
            "Target": "Characters/Dialogue/LadySheba",
            "Entries": {
                "Mon": "Is hungry? Got food? Hungry yes?",
                "Tue": "Bird no catch. Fly, fly away...$2",
                "Wed": "Stay back! Is frightened.$2",
                "Thu": "Sun good. Love sun.$1",
                "Fri": "Fish yes? Fish day?",
                "Sat": "Want scitches. Itch behind ear. Yes there. Feel good.$1",
                "Sun": "Belly empty! Feed, yes?$2",
                "Mon4": "Have food for me? Fish? Fish is good, yes?",
                "Tue4": "Caught bird today! Taste good! Here, present for you. You like? [444]$1",
                "Wed4": "People shout. Loud voices! Very scary. Must hide.$2",
                "Thu4": "Is nap time yet? Always nap time!",
                "Fri4": "Try to catch fish. Get paws wet. Water bad.$2",
                "Sat4": "Friend come, scratch head! Head scritches are happy scratches!",
                "Sun4": "No food... is hungry. Please, you feed?",
                "22": "Vetman catch. Feed not-food.#$b#Not nice. Not nice!$2#$b#But bitey-bitey-insect-itch gone.",
                "Mon10": "Is happy. Have friend. Warm sun. Good food. Life good, yes?",
                "Tue8": "At night is scary crab. Snap, snap!$2#$b#Hide, friend. Sharp claws no good.$2",
                "Wed10": "Black cat, not friend. Hiss-scratch-claw! Now ear hurt.$2#$b#Black cat hurt worser! Teach her. This my space!$3",
                "Thu8": "Food from big house. Is good food. You eat it?$1",
                "Fri10": "Human try shut inside. No good! Squeeze through glass-thing.#$b#Me too smart to cage!$1#$b#You not cage me, friend?",
                "Sat8": "You have mouse, friend? Need hunt? Love crunch-mouse-crunch.$1",
                "Sun10": "Human kitten, come visit. Bring food. Love her.$1",
            }
        }
    ]
}