{
    "Name": "Rosa's Spanakopita",
    "Description": "Kale and goat cheese wrapped in a flaky phyllo blanket.",
    "Category": "Cooking",
    "Edibility": 100,
    "EdibleIsDrink": false,
    "EdibleBuffs": {
        "Farming": 2,
        "Fishing": 0,
        "Mining": 0,
        "Luck": 0,
        "Foraging": 0,
        "MaxStamina": 0,
        "MagnetRadius": 0,
        "Speed": 0,
        "Defense": 0,
        "Attack": 0,
        "Duration": 180,
    },
    "Price": 580,
    "IsColored": false,
    "Recipe": {
        "ResultCount": 1,
        "Ingredients": [
            {
                "Object": 250, //"Kale",
                "Count": 1,
            },
            {
                "Object": 426, //"Goat Cheese",
                "Count": 1,
            },
            {
                "Object": 246, //"Wheat Flour",
                "Count": 1,
            },
            {
                "Object": 399, //"Spring Onion",
                "Count": 2,
            }
        ],
        "IsDefault": false,
        "CanPurchase": false
    },
    "GiftTastes": {
        "Love": [
            "Rosa",
            "Juliet",
            "Leah"
        ],
        "Like": [],
        "Dislike": [],
        "Hate": [],
    },
    "TranslationKey": "object.rosaspanakopita-cooking",
}