{
    "Changes": [
        {
            "Action": "EditData",
            "Target": "mistyspring.farmhousevisits/Schedules",
            "Entries": {
                "LadySheba": {
                    "From": 700,
                    "To": 1000,
                    "EntryDialogue": "Mirrup?#$b#%Lady Sheba looks around curious and hopeful for food.",
                    "ExitDialogue": "Mirrr.#$b#%It's time for Lady Sheba to go.",
                    "Dialogues": [
                        "%Lady Sheba sneezes at a dust bunny.",
                        "%Lady Sheba investigates the corners."
                    ]
                },
                "Eloise": {
                    "From": 700,
                    "To": 1000,
                    "EntryDialogue": "Hello farmer @! Hope it's okay if I drop by! I brought an egg. It's still warm![174 176 180 182]",
                    "ExitDialogue": "Oops, I'd better go now. See you later!$1",
                    "Dialogues": [
                        "Your place is so cool!$1",
                        "Do you have any pets? Your house is big enough for them!$1"
                    ]
                }
            }
        }
    ]
}