{
	"Changes": [
		{
			"LogName": "Location Messages",
			"Action": "EditData",
			"Target": "Strings/StringsFromMaps",
			"Entries": {
				"GrampletonES.00": "{{i18n:Strings.GrampletonES.00}}",
				"EastScarpe.00": "{{i18n:Strings.EastScarpe.00}}",
				"EastScarpe.1": "{{i18n:Strings.EastScarpe.1}}",
				"EastScarpe.2": "{{i18n:Strings.EastScarpe.2}}",
				"EastScarpe.3": "{{i18n:Strings.EastScarpe.3}}",
				"EastScarpe.4": "{{i18n:Strings.EastScarpe.4}}",
				"EastScarpe.5": "{{i18n:Strings.EastScarpe.5}}",
				"EastScarpe.6": "{{i18n:Strings.EastScarpe.6}}.",
				"EastScarpe.7": "{{i18n:Strings.EastScarpe.7}}",
				"EastScarpe.8": "{{i18n:Strings.EastScarpe.8.{{LadyShebaFriend}}}}",
				"EastScarpe.9": "{{i18n:Strings.EastScarpe.9}}",
				"EastScarpe.10": "{{i18n:Strings.EastScarpe.10}}",
				"EastScarpe.11": "{{i18n:Strings.EastScarpe.11}}",
				"EastScarpe.12": "{{i18n:Strings.EastScarpe.12}}",
				"EastScarpe.13": "{{i18n:Strings.EastScarpe.13}}",
				"EastScarpe.14": "{{i18n:Strings.EastScarpe.14}}",
				"EastScarpe.15": "{{i18n:Strings.EastScarpe.15}}",
				"EastScarpe.16": "{{i18n:Strings.EastScarpe.16}}",
				"EastScarpe.17": "{{i18n:Strings.EastScarpe.17}}",
				"EastScarpe.18": "{{i18n:Strings.EastScarpe.18}}",
				"EastScarpe.19": "{{i18n:Strings.EastScarpe.19}}",
				"EastScarpe.20": "{{i18n:Strings.EastScarpe.20}}",
				"EloiseFall.1": "{{i18n:Strings.EloiseFall.1}}",
				"EloiseFall.2": "{{i18n:Strings.EloiseFall.2}}",
				"EloiseFall.3": "{{i18n:Strings.EloiseFall.3}}",
				"EloiseWinter.1": "{{i18n:Strings.EloiseWinter.1}}",
				"EloiseWinter.2": "{{i18n:Strings.EloiseWinter.2}}",
				"EloiseWinter.3": "{{i18n:Strings.EloiseWinter.3}}",
				"EloiseSpring.1": "{{i18n:Strings.EloiseSpring.1}}",
				"EloiseSpring.2": "{{i18n:Strings.EloiseSpring.2}}",
				"EloiseSpring.3": "{{i18n:Strings.EloiseSpring.3}}",
				"EloiseSummer.1": "{{i18n:Strings.EloiseSummer.1}}",
				"EloiseSummer.2": "{{i18n:Strings. EloiseSummer.2}}",
				"EloiseSummer.3": "{{i18n:Strings.EloiseSummer.3}}",
				"VetHouse.01": "{{i18n:Strings.VetHouse.01}}",
				"VetHouse.02": "{{i18n:Strings.VetHouse.02}}",
				"VetHouse.03": "{{i18n:Strings.VetHouse.03}}",
				"VetHouse.04": "{{i18n:Strings.VetHouse.04}}",
				"VetHouse.05": "{{i18n:Strings.VetHouse.05}}",
				"VetHouse.06": "{{i18n:Strings.VetHouse.06}}",
				"VetHouse.07": "{{i18n:Strings.VetHouse.07}}",
				"VetHouse.08": "{{i18n:Strings.VetHouse.08}}",
				"VetHouse.09": "{{i18n:Strings.VetHouse.09}}",
				"VetHouse.10": "{{i18n:Strings.VetHouse.10}}",
				"VetHouse.11": "{{i18n:Strings.VetHouse.11}}",
				"VetHouse.12": "{{i18n:Strings.VetHouse.12}}",
				"VetHouse.13": "{{i18n:Strings.VetHouse.13}}",
				"VetHouse.14": "{{i18n:Strings.VetHouse.14}}",
				"VetHouse.15": "{{i18n:Strings.VetHouse.15}}",
				"VetHouse.16": "{{i18n:Strings.VetHouse.16}}",
				"VetHouse.17": "{{i18n:Strings.VetHouse.17}}",
				"VetHouse.18": "{{i18n:Strings.VetHouse.18}}",
				"VetHouse.19": "{{i18n:Strings.VetHouse.19}}",
				"VetHouse.20": "{{i18n:Strings.VetHouse.20}}",
				"JacobBarn.1": "{{i18n:Strings.JacobBarn.1}}",
				"JacobBarn.2": "{{i18n:Strings.JacobBarn.2}}",
				"JacobBarn.3": "{{i18n:Strings.JacobBarn.3}}",
				"JacobBarn.5": "{{i18n:Strings.JacobBarn.5}}",
				"JacobBarn.4": "{{i18n:Strings.JacobBarn.4}}",
				"JacobBarn.6": "{{i18n:Strings.JacobBarn.6}}",
				"DeepDark.0": "{{i18n:Strings.DeepDark.0}}",
				"DeepDark.1": "{{i18n:Strings.DeepDark.1}}",
				"DeepDark.2": "{{i18n:Strings.DeepDark.2}}",
				"DeepDark.3": "{{i18n:Strings.DeepDark.3}}",
				"DeepDark.4": "{{i18n:Strings.DeepDark.4}}",
				"ESOrchard.0": "{{i18n:Strings.ESOrchard.0}}",
				"ESOrchard.1": "{{i18n:Strings.ESOrchard.1}}",
				"ESOrchard.2": "{{i18n:Strings.ESOrchard.2}}",
				"ESOrchard.3": "{{i18n:Strings.ESOrchard.3}}",
				"ESOrchard.4": "{{i18n:Strings.ESOrchard.4}}",
				"ESOrchard.6": "{{i18n:Strings.ESOrchard.6}}",
				"ESOrchard.7": "{{i18n:Strings.ESOrchard.7}}",
				"ESMountainSC.1": "{{i18n:Strings.ESMountainSC.1}}",
				"SeaCave.01": "{{i18n:Strings.SeaCave.01}}",
				"SeaCave.03": "{{i18n:Strings.SeaCave.03}}",
				"SeaCave.04": "{{i18n:Strings.SeaCave.04}}",
				"SeaCave.05": "{{i18n:Strings.SeaCave.05}}.",
				"SeaCave.06": "{{i18n:Strings.SeaCave.06}}",
				"SeaCave.07": "{{i18n:Strings.SeaCave.07}}",
				"SeaCave.08": "{{i18n:Strings.SeaCave.08}}",
				"SeaCave.09": "{{i18n:Strings.SeaCave.09}}",
				"SeaCave.10": "{{i18n:Strings.SeaCave.10}}",
				"SeaCave.13": "{{i18n:Strings.SeaCave.13}}",
				"SeaCave.02": "{{i18n:Strings.SeaCave.02}}",
				"SeaCave.14": "{{i18n:Strings.SeaCave.14}}",
				"DeepMountains.1": "{{i18n:Strings.DeepMountains.1}}",
				"DeepMountains.2": "{{i18n:Strings.DeepMountains.2}}",
				"DeepMountains.3": "{{i18n:Strings.DeepMountains.3}}",
				"DeepMountains.5": "{{i18n:Strings.DeepMountains.5}}",
				"MeadowFarm.01": "{{i18n:Strings.MeadowFarm.1}}",
				//Inn Location Messages	
				"ESInn.01": "{{i18n:Strings.ESInn.01}}",
				"ESInn.02": "{{i18n:Strings.ESInn.02}}",
				"ESInn.03": "{{i18n:Strings.ESInn.03}}",
				"ESInn.04": "{{i18n:Strings.ESInn.04}}",
				"ESInn.05": "{{i18n:Strings.ESInn.05}}",
				"ESInn.06": "{{i18n:Strings.ESInn.06}}",
				"ESInn.07": "{{i18n:Strings.ESInn.07}}",
				"ESInn.08": "{{i18n:Strings.ESInn.08}}",
				"ESInn.09": "{{i18n:Strings.ESInn.09}}",
				"ESInn.10": "{{i18n:Strings.ESInn.10}}",
				"ESInn.11": "{{i18n:Strings.ESInn.11}}",
				"ESInn.12": "{{i18n:Strings.ESInn.12}}",
				"ESInn.13": "{{i18n:Strings.ESInn.13}}",
				"ESInn.14": "{{i18n:Strings.ESInn.14}}",
				"ESInn.15": "{{i18n:Strings.ESInn.15}}",
				"ESInn.16": "{{i18n:Strings.ESInn.16}}",
				"ESInn.17": "{{i18n:Strings.ESInn.17}}",
				"ESInn.18": "{{i18n:Strings.ESInn.18}}",
				"ESInn.19": "{{i18n:Strings.ESInn.19}}",
				"ESInn.20": "{{i18n:Strings.ESInn.20}}",
				"ESInn.21": "{{i18n:Strings.ESInn.21}}",
				"InnBath.01": "{{i18n:Strings.InnBath.01}}",
				"InnBath.02": "{{i18n:Strings.InnBath.02}}",
				"InnBath.03": "{{i18n:Strings.InnBath.03}}",
				"InnBath.04": "{{i18n:Strings.InnBath.04}}",
				"InnBath.05": "{{i18n:Strings.InnBath.05}}",
				"InnBath.06": "{{i18n:Strings.InnBath.06}}",
				"HartResidence.01": "{{i18n:Strings.HartResidence.01}}",
				"HartResidence.02": "{{i18n:Strings.HartResidence.02}}",
				"HartResidence.03": "{{i18n:Strings.HartResidence.03}}",
				"HartResidence.04": "{{i18n:Strings.HartResidence.04}}",
				"HartResidence.05": "{{i18n:Strings.HartResidence.05}}",
				"HartResidence.06": "{{i18n:Strings.HartResidence.06}}",
				"HartResidence.07": "{{i18n:Strings.HartResidence.07}}",
				"HartResidence.08": "{{i18n:Strings.HartResidence.08}}",
				"HartResidence.09": "{{i18n:Strings.HartResidence.09}}",
				"HartResidence.10": "{{i18n:Strings.HartResidence.10}}",
				"HartResidence.11": "{{i18n:Strings.HartResidence.11}}",
				"HartResidence.12": "{{i18n:Strings.HartResidence.12}}",
				"HartResidence.13": "{{i18n:Strings.HartResidence.13}}",
				"HartResidence.14": "{{i18n:Strings.HartResidence.14}}",
				"HartResidence.15": "{{i18n:Strings.HartResidence.15}}",
				"HartResidence.16": "{{i18n:Strings.HartResidence.16}}",
				"HartResidence.17": "{{i18n:Strings.HartResidence.17}}",
				"HartResidence.18": "{{i18n:Strings.HartResidence.18}}",
				"InnOuter.01": "{{i18n:Strings.InnOuter.01}}",
				"EastScarpVineyard.0": "{{i18n:Strings.EastScarpVineyard.0}}",
				"ESSmugglersDen.1": "{{i18n:Strings.ESSmugglersDen.1}}",
				"ESSmugglerDen.2": "{{i18n:Strings.ESSmugglersDen.2}}",
				"ESSmugglerDen.3": "{{i18n:Strings.ESSmugglersDen.3}}",
				"ESSmugglerDen.4": "{{i18n:Strings.ESSmugglersDen.4}}",
				"ESSmugglersDen.5":"{{i18n:Strings.ESSmugglersDen.5}}",
				"OrchardHouse.letter1": "{{i18n:Strings.OrchardHouse.letter1}}",
				"OrchardHouse.letter2": "{{i18n:Strings.OrchardHouse.letter2}}",
				"OrchardHouse.letter3": "{{i18n:Strings.OrchardHouse.letter3}}",
				"OrchardHouse.letter4": "{{i18n:Strings.OrchardHouse.letter4}}",
				"OrchardHouse.Book5": "{{i18n:Strings.OrchardHouse.Book5}}",
				"OrchardHouse.Book6": "{{i18n:Strings.OrchardHouse.Book6}}",
				"OrchardHouse.letter7": "{{i18n:Strings.OrchardHouse.letter7}}",
				"OrchardHouse.letter8": "{{i18n:Strings.OrchardHouse.letter8}}",
				"OrchardHouse.letter9": "{{i18n:Strings.OrchardHouse.letter9}}",
				"OrchardHouse.Book10": "{{i18n:Strings.OrchardHouse.Book10}}",
				"ES.trapdoorLocked.1": "{{i18n:Strings.trapdoorLocked.1}}",
				"ESShack.1": "{{i18n:Strings.ESShack.1}}",
				"ESInnBoilerRoom.1": "{{i18n:Strings.ESInnBoilerRoom.1}}",
				"ESLighthouse.1": "{{i18n:Strings.ESLighthouse.1}}",
				"ESLanternRoom.1": "{{i18n:Strings.ESLanternRoom.1}}",
				"ESLanternRoom.2": "{{i18n:Strings.ESLanternRoom.2}}",
				"ESLanternRoom.3": "{{i18n:Strings.ESLanternRoom.3}}",
				"ESLanternRoom.4": "{{i18n:Strings.ESLanternRoom.4}}",
				"ESLanternRoom.5": "{{i18n:Strings.ESLanternRoom.5}}",
				"ESLanternRoom.6": "{{i18n:Strings.ESLanternRoom.6}}",
				"ESWilderness.1": "{{i18n:Strings.ESWilderness.1}}",
				"ESWilderness.2": "{{i18n:Strings.ESWilderness.2}}",
				"ESWilderness.3": "{{i18n:Strings.ESWilderness.3}}",
				"ESWilderness.4": "{{i18n:Strings.ESWilderness.3}}",
				"ESWilderness.5": "{{i18n:Strings.ESWilderness.4}}",
				"ESInn.Kat.1": "{{i18n:Strings.ESInn.Kat.1}}",
				"ESInn.Kat.2": "{{i18n:Strings.ESInn.Kat.2}}",
				"ESInn.Kat.3": "{{i18n:Strings.ESInn.Kat.3}}",
				"ESInn.Kat.4": "{{i18n:Strings.ESInn.Kat.4}}",
				"ESInn.Kat.5": "{{i18n:Strings.ESInn.Kat.5}}",
				"ESInn.Kat.6": "{{i18n:Strings.ESInn.Kat.6}}",
				"ESMineRuins.01": "{{i18n:Strings.ESMineRuins.1}}",
				"EastScarpe.mailbox.1":"{{i18n:EastScarpe.mailbox.1}}"
			}
		},
		{
			"LogName": "Location Messages",
			"Action": "EditData",
			"Target": "Strings/Locations",
			"Entries": {
				"ESSeaCave_StrongCurrent": "{{i18n:Strings.SeaCave.14}}"
			}
		}
	]
}